{
	"Mesh" : 
	{
		"EBO" : 
		[
			0,
			1,
			2,
			2,
			3,
			0,
			4,
			5,
			6,
			6,
			7,
			4,
			8,
			9,
			10,
			10,
			11,
			8,
			12,
			13,
			14,
			14,
			15,
			12,
			16,
			17,
			18,
			18,
			19,
			16,
			20,
			21,
			22,
			23,
			20,
			22,
			24,
			25,
			26,
			26,
			27,
			24,
			28,
			29,
			30,
			30,
			31,
			28,
			32,
			33,
			34,
			34,
			35,
			32,
			36,
			37,
			38,
			38,
			39,
			36,
			40,
			41,
			42,
			42,
			43,
			40,
			44,
			45,
			46,
			47,
			44,
			46
		],
		"Material index" : 4,
		"Max x" : 49.102775573730469,
		"Max y" : 50.079963684082031,
		"Max z" : 0.068777710199356079,
		"Min x" : -45.230945587158203,
		"Min y" : -46.370933532714844,
		"Min z" : -1.036507248878479,
		"Name" : "Line002",
		"Num faces" : 24,
		"Num indices" : 72,
		"Num vertices" : 48,
		"VBO" : 
		[
			49.102775573730469,
			12.893999099731445,
			0.068775445222854614,
			0,
			0,
			-45.199367523193359,
			13.162839889526367,
			0.068775445222854614,
			0,
			0,
			-45.230945587158203,
			-12.893999099731445,
			0.068777710199356079,
			0,
			0,
			49.071201324462891,
			-13.162839889526367,
			0.068777710199356079,
			0,
			0,
			49.102775573730469,
			12.893997192382813,
			-1.036507248878479,
			0,
			0,
			-45.199367523193359,
			13.162837982177734,
			-1.036507248878479,
			0,
			0,
			-45.199367523193359,
			13.162839889526367,
			0.068775445222854614,
			0,
			0,
			49.102775573730469,
			12.893999099731445,
			0.068775445222854614,
			0,
			0,
			49.071201324462891,
			-13.162841796875,
			-1.0365047454833984,
			0,
			0,
			-45.230945587158203,
			-12.894001007080078,
			-1.0365047454833984,
			0,
			0,
			-45.199367523193359,
			13.162837982177734,
			-1.036507248878479,
			0,
			0,
			49.102775573730469,
			12.893997192382813,
			-1.036507248878479,
			0,
			0,
			49.071201324462891,
			-13.162839889526367,
			0.068777710199356079,
			0,
			0,
			-45.230945587158203,
			-12.893999099731445,
			0.068777710199356079,
			0,
			0,
			-45.230945587158203,
			-12.894001007080078,
			-1.0365047454833984,
			0,
			0,
			49.071201324462891,
			-13.162841796875,
			-1.0365047454833984,
			0,
			0,
			-45.199367523193359,
			13.162837982177734,
			-1.036507248878479,
			0,
			0,
			-45.230945587158203,
			-12.894001007080078,
			-1.0365047454833984,
			0,
			0,
			-45.230945587158203,
			-12.893999099731445,
			0.068777710199356079,
			0,
			0,
			-45.199367523193359,
			13.162839889526367,
			0.068775445222854614,
			0,
			0,
			49.102775573730469,
			12.893997192382813,
			-1.036507248878479,
			0,
			0,
			49.102775573730469,
			12.893999099731445,
			0.068775445222854614,
			0,
			0,
			49.071201324462891,
			-13.162839889526367,
			0.068777710199356079,
			0,
			0,
			49.071201324462891,
			-13.162841796875,
			-1.0365047454833984,
			0,
			0,
			-12.893998146057129,
			50.079963684082031,
			0.068775445222854614,
			0,
			0,
			-13.162840843200684,
			-46.338645935058594,
			0.068775445222854614,
			0,
			0,
			12.893998146057129,
			-46.370933532714844,
			0.068777710199356079,
			0,
			0,
			13.162840843200684,
			50.047683715820313,
			0.068777710199356079,
			0,
			0,
			-12.893996238708496,
			50.079963684082031,
			-1.036507248878479,
			0,
			0,
			-13.162838935852051,
			-46.338645935058594,
			-1.036507248878479,
			0,
			0,
			-13.162840843200684,
			-46.338645935058594,
			0.068775445222854614,
			0,
			0,
			-12.893998146057129,
			50.079963684082031,
			0.068775445222854614,
			0,
			0,
			13.162842750549316,
			50.047683715820313,
			-1.0365047454833984,
			0,
			0,
			12.894000053405762,
			-46.370933532714844,
			-1.0365047454833984,
			0,
			0,
			-13.162838935852051,
			-46.338645935058594,
			-1.036507248878479,
			0,
			0,
			-12.893996238708496,
			50.079963684082031,
			-1.036507248878479,
			0,
			0,
			13.162840843200684,
			50.047683715820313,
			0.068777710199356079,
			0,
			0,
			12.893998146057129,
			-46.370933532714844,
			0.068777710199356079,
			0,
			0,
			12.894000053405762,
			-46.370933532714844,
			-1.0365047454833984,
			0,
			0,
			13.162842750549316,
			50.047683715820313,
			-1.0365047454833984,
			0,
			0,
			-13.162838935852051,
			-46.338645935058594,
			-1.036507248878479,
			0,
			0,
			12.894000053405762,
			-46.370933532714844,
			-1.0365047454833984,
			0,
			0,
			12.893998146057129,
			-46.370933532714844,
			0.068777710199356079,
			0,
			0,
			-13.162840843200684,
			-46.338645935058594,
			0.068775445222854614,
			0,
			0,
			-12.893996238708496,
			50.079963684082031,
			-1.036507248878479,
			0,
			0,
			-12.893998146057129,
			50.079963684082031,
			0.068775445222854614,
			0,
			0,
			13.162840843200684,
			50.047683715820313,
			0.068777710199356079,
			0,
			0,
			13.162842750549316,
			50.047683715820313,
			-1.0365047454833984,
			0,
			0
		]
	}
}
