{
	"Mesh" : 
	{
		"EBO" : [ 0, 1, 2, 0, 2, 3 ],
		"Material index" : 2,
		"Max x" : 4940.4892578125,
		"Max y" : -15.851378440856934,
		"Max z" : -18.502815246582031,
		"Min x" : -40.650142669677734,
		"Min y" : -42.938320159912109,
		"Min z" : -4940.123046875,
		"Name" : "Mesh",
		"Num faces" : 2,
		"Num indices" : 6,
		"Num vertices" : 4,
		"VBO" : 
		[
			-40.650142669677734,
			-42.937393188476563,
			-4940.123046875,
			-5.516689270734787e-06,
			0.99999994039535522,
			5.7656616263557225e-06,
			0.0083301728591322899,
			0.99166971445083618,
			18.5576171875,
			-15.851378440856934,
			-18.510746002197266,
			-1.5368445019703358e-05,
			1.0,
			1.5360536053776741e-05,
			0.0083301728591322899,
			0.97587734460830688,
			4940.4892578125,
			-42.938320159912109,
			-18.502815246582031,
			-5.563022568821907e-06,
			1.0,
			5.6644821597728878e-06,
			0.22939097881317139,
			0.97587734460830688,
			4908.15966796875,
			-42.937313079833984,
			-4910.505859375,
			-1.5236442777677439e-05,
			0.99999994039535522,
			1.5494180843234062e-05,
			0.22939097881317139,
			0.99166971445083618
		]
	}
}
