{
	"Mesh" : 
	{
		"EBO" : 
		[
			0,
			1,
			2,
			10,
			0,
			11,
			2,
			11,
			0,
			3,
			2,
			1,
			2,
			3,
			4,
			11,
			2,
			12,
			4,
			12,
			2,
			11,
			16,
			10,
			16,
			11,
			17,
			12,
			17,
			11,
			15,
			10,
			16,
			16,
			21,
			15,
			21,
			16,
			22,
			17,
			22,
			16,
			17,
			12,
			18,
			22,
			17,
			23,
			18,
			23,
			17,
			12,
			4,
			13,
			13,
			18,
			12,
			18,
			13,
			19,
			23,
			18,
			24,
			19,
			24,
			18,
			6,
			13,
			4,
			13,
			6,
			14,
			14,
			19,
			13,
			4,
			5,
			6,
			7,
			6,
			5,
			6,
			7,
			8,
			8,
			14,
			6,
			5,
			4,
			3,
			9,
			8,
			7,
			20,
			15,
			21
		],
		"Material index" : 5,
		"Max x" : 48.521923065185547,
		"Max y" : 48.521923065185547,
		"Max z" : 0.0,
		"Min x" : -48.521923065185547,
		"Min y" : -48.521923065185547,
		"Min z" : 0.0,
		"Name" : "Plane001",
		"Num faces" : 32,
		"Num indices" : 96,
		"Num vertices" : 25,
		"VBO" : 
		[
			-48.521923065185547,
			-24.260961532592773,
			0.0,
			0.0,
			0.25,
			-48.521923065185547,
			-48.521923065185547,
			0.0,
			0.0,
			0.0,
			-24.260961532592773,
			-24.260961532592773,
			0.0,
			0.25,
			0.25,
			-24.260961532592773,
			-48.521923065185547,
			0.0,
			0.25,
			0.0,
			0.0,
			-24.260961532592773,
			0.0,
			0.5,
			0.25,
			0.0,
			-48.521923065185547,
			0.0,
			0.5,
			0.0,
			24.260961532592773,
			-24.260961532592773,
			0.0,
			0.75,
			0.25,
			24.260961532592773,
			-48.521923065185547,
			0.0,
			0.75,
			0.0,
			48.521923065185547,
			-24.260961532592773,
			0.0,
			1.0,
			0.25,
			48.521923065185547,
			-48.521923065185547,
			0.0,
			1.0,
			0.0,
			-48.521923065185547,
			0.0,
			0.0,
			0.0,
			0.5,
			-24.260961532592773,
			0.0,
			0.0,
			0.25,
			0.5,
			0.0,
			0.0,
			0.0,
			0.5,
			0.5,
			24.260961532592773,
			0.0,
			0.0,
			0.75,
			0.5,
			48.521923065185547,
			0.0,
			0.0,
			1.0,
			0.5,
			-48.521923065185547,
			24.260961532592773,
			0.0,
			0.0,
			0.75,
			-24.260961532592773,
			24.260961532592773,
			0.0,
			0.25,
			0.75,
			0.0,
			24.260961532592773,
			0.0,
			0.5,
			0.75,
			24.260961532592773,
			24.260961532592773,
			0.0,
			0.75,
			0.75,
			48.521923065185547,
			24.260961532592773,
			0.0,
			1.0,
			0.75,
			-48.521923065185547,
			48.521923065185547,
			0.0,
			0.0,
			1.0,
			-24.260961532592773,
			48.521923065185547,
			0.0,
			0.25,
			1.0,
			0.0,
			48.521923065185547,
			0.0,
			0.5,
			1.0,
			24.260961532592773,
			48.521923065185547,
			0.0,
			0.75,
			1.0,
			48.521923065185547,
			48.521923065185547,
			0.0,
			1.0,
			1.0
		]
	}
}
